{"cameraMode":{"drawMode":0,"name":"Shaded","section":"Shading Mode"},"sceneLighting":true,"audioPlay":false,"sceneViewState":{"m_AlwaysRefresh":false,"showFog":true,"showSkybox":true,"showFlares":true,"showImageEffects":true,"showParticleSystems":true,"showVisualEffectGraphs":true,"m_FxEnabled":true},"in2DMode":false,"pivot":{"x":-5.518476486206055,"y":-9.632890701293946,"z":-20.601001739501954},"rotation":{"x":0.006384772248566151,"y":-0.7259441018104553,"z":0.6877660751342773,"w":0.006759813521057367},"size":34.79039764404297,"orthographic":false}